{
  "accuracy": 0.5137751303052867,
  "precision": 0.6570048309178744,
  "recall": 0.4811320754716981,
  "f1_score": 0.5554799183117767,
  "roc_auc": 0.543870306842005,
  "baseline_accuracy": 0.6314221891288161,
  "train_rows": 5368,
  "test_rows": 1343
}