industry,opportunities,wins,losses,win_rate
Marketing,623,404,219,0.6484751203852327
Entertainment,402,260,142,0.6467661691542289
Software,704,450,254,0.6392045454545454
Technology,1058,671,387,0.6342155009451795
Services,352,223,129,0.6335227272727273
Retail,1267,799,468,0.6306235201262825
Employment,286,179,107,0.6258741258741258
Telecommunications,456,285,171,0.625
Medical,950,592,358,0.6231578947368421
Finance,613,375,238,0.6117455138662317
