sales_region,opportunities,wins,losses,win_rate
West,2249,1438,811,0.6393952867941307
East,1858,1171,687,0.6302475780409041
Central,2604,1629,975,0.6255760368663594
