product,opportunities,wins,losses,win_rate
MG Special,1223,793,430,0.6484055600981193
GTX Plus Pro,745,479,266,0.6429530201342282
GTX Basic,1436,915,521,0.6371866295264624
GTX Pro,1147,729,418,0.6355710549258936
GTX Plus Basic,1051,653,398,0.621313035204567
MG Advanced,1084,654,430,0.6033210332103321
GTK 500,25,15,10,0.6
